{"cameraMode":{"drawMode":0,"name":"Shaded","section":"Shading Mode"},"sceneLighting":false,"audioPlay":false,"sceneViewState":{"showFog":true,"showMaterialUpdate":false,"showSkybox":false,"showFlares":true,"showImageEffects":true,"showParticleSystems":true,"showVisualEffectGraphs":true,"m_FxEnabled":true},"in2DMode":false,"pivot":{"x":0.023827075958251954,"y":3.281024932861328,"z":1.1920928955078126e-7},"rotation":{"x":0.15567679703235627,"y":-0.7277458906173706,"z":0.17577125132083894,"w":0.6444826722145081},"size":3.9040005207061769,"orthographic":true}