{"cameraMode":{"drawMode":0,"name":"Shaded","section":"Shading Mode"},"sceneLighting":true,"audioPlay":false,"sceneViewState":{"showFog":true,"showMaterialUpdate":false,"showSkybox":true,"showFlares":true,"showImageEffects":true,"showParticleSystems":true},"in2DMode":false,"pivot":{"x":-0.04392164945602417,"y":16.818302154541017,"z":1.15625},"rotation":{"x":0.20948804914951325,"y":-0.4282056391239166,"z":0.10274900496006012,"w":0.8730393052101135},"size":69.53107452392578,"orthographic":true}