{"cameraMode":{"drawMode":0,"name":"Shaded","section":"Shading Mode"},"sceneLighting":false,"audioPlay":false,"sceneViewState":{"showFog":true,"showMaterialUpdate":false,"showSkybox":false,"showFlares":true,"showImageEffects":true,"showParticleSystems":true,"showVisualEffectGraphs":true,"m_FxEnabled":true},"in2DMode":false,"pivot":{"x":-1.2349060773849488,"y":0.6858665943145752,"z":0.00367862731218338},"rotation":{"x":0.10890517383813858,"y":-0.7615034580230713,"z":0.13267572224140168,"w":0.6250435709953308},"size":1.5048307180404664,"orthographic":true}