{"cameraMode":{"drawMode":0,"name":"Shaded","section":"Shading Mode"},"sceneLighting":true,"audioPlay":false,"sceneViewState":{"showFog":true,"showMaterialUpdate":false,"showSkybox":true,"showFlares":true,"showImageEffects":true,"showParticleSystems":true,"showVisualEffectGraphs":true,"m_FxEnabled":true},"in2DMode":false,"pivot":{"x":218.6280059814453,"y":436.95697021484377,"z":68.7701416015625},"rotation":{"x":-0.04798806458711624,"y":0.004226150922477245,"z":-0.0002017471706494689,"w":-0.9989573955535889},"size":595.6695556640625,"orthographic":true}