{"cameraMode":{"drawMode":0,"name":"Shaded","section":"Shading Mode"},"sceneLighting":true,"audioPlay":false,"sceneViewState":{"showFog":true,"showMaterialUpdate":false,"showSkybox":true,"showFlares":true,"showImageEffects":true,"showParticleSystems":true,"showVisualEffectGraphs":true,"m_FxEnabled":true},"in2DMode":false,"pivot":{"x":442.32611083984377,"y":520.4117431640625,"z":-77.23226928710938},"rotation":{"x":-0.013496696949005127,"y":0.031229743734002115,"z":-0.00040150503627955914,"w":-0.9995480179786682},"size":266.5751037597656,"orthographic":true}