{"cameraMode":{"drawMode":0,"name":"Shaded","section":"Shading Mode"},"sceneLighting":true,"audioPlay":false,"sceneViewState":{"showFog":true,"showMaterialUpdate":false,"showSkybox":true,"showFlares":true,"showImageEffects":true,"showParticleSystems":true,"showVisualEffectGraphs":true,"m_FxEnabled":true},"in2DMode":false,"pivot":{"x":-1.0327491760253907,"y":-0.5003776550292969,"z":0.19876408576965333},"rotation":{"x":0.19602428376674653,"y":-0.6718464493751526,"z":0.19137494266033173,"w":0.6881676316261292},"size":15.76164436340332,"orthographic":true}