{"cameraMode":{"drawMode":0,"name":"Shaded","section":"Shading Mode"},"sceneLighting":false,"audioPlay":false,"sceneViewState":{"showFog":true,"showMaterialUpdate":false,"showSkybox":false,"showFlares":true,"showImageEffects":true,"showParticleSystems":true,"showVisualEffectGraphs":true,"m_FxEnabled":true},"in2DMode":false,"pivot":{"x":0.08400559425354004,"y":0.2850459814071655,"z":-0.00959324836730957},"rotation":{"x":0.15567679703235627,"y":-0.7277458906173706,"z":0.17577125132083894,"w":0.6444826722145081},"size":0.9393090009689331,"orthographic":true}